Amrita_Score,JEE_Score,Admitted
68.72700594236812,26.170568373590598,0
97.53571532049581,24.697879907199983,0
86.59969709057026,90.62545805210367,1
79.93292420985183,24.95461998495061,0
57.80093202212183,27.1949726128631,0
57.79972601681013,75.93982624179637,0
52.90418060840997,44.973984245054,0
93.30880728874675,77.67105569551812,1
80.05575058716045,6.536615756438524,0
85.40362888980228,48.75711936733843,1
51.029224714790125,3.3613600183282633,0
98.49549260809971,6.265320345535452,0
91.62213204002109,90.64374533444109,1
60.61695553391381,13.924537111759516,0
59.09124836035503,53.24206822752171,0
59.17022549267169,41.10956026007065,0
65.21211214797688,34.73433262588427,0
76.2378215816119,89.98333456872724,1
71.5972509321058,2.18233967754895,0
64.5614570099021,66.37896861755891,0
80.59264473611897,96.33944342135504,1
56.97469303260209,56.016818346184195,0
64.6072324267609,93.68224620330918,1
68.31809216468459,5.225787928602377,0
72.8034992108518,41.87933190741614,0
89.25879806965068,26.015779096205115,0
59.98368910791799,73.08209649807299,0
75.71172192068059,98.12970904972467,1
79.62072844310212,25.65300624442478,0
52.32252063599989,65.41746014740745,0
80.37724259507192,19.809763275974014,0
58.526206184364575,56.53302545716099,0
53.25257964926398,46.39324866883362,0
97.44427686266667,97.2005329631537,1
98.28160165372796,60.85272726964666,1
90.41986740582306,34.950637208681876,0
65.23068845866854,11.409578488793336,0
54.883605700319194,15.124682873493455,0
84.21165132560785,22.53169299512351,0
72.00762468698007,25.0966661340298,0
56.10191174223894,85.06160578411378,0
74.75884550556351,56.12227882825249,0
51.71942605576092,52.33909113743665,0
95.4660201039391,11.476887186921747,0
62.93899908000085,86.0139693349435,1
83.1261142176991,72.28143032084837,1
65.58555380447055,6.766836190000158,0
76.00340105889055,70.78350972297687,1
77.33551396716399,54.353821734264606,0
59.24272277627635,8.172534574677826,0
98.47923138822793,45.830064152865646,1
88.75664116805572,48.469628713004695,1
96.97494707820945,16.577454016327575,1
94.74136752138244,94.56981470002823,1
79.89499894055426,84.99753714806619,1
96.09371175115584,66.90223373291083,1
54.424625102595975,46.22955610006072,0
59.79914312095726,41.17655415845085,0
52.2613644455269,65.09734671509541,0
66.26651653816322,54.543186940690546,0
69.4338644844741,6.227310588188562,0
63.567451588694794,51.25026487703317,0
91.43687545759647,80.64036172328395,1
67.83766633467947,45.923987759695805,0
64.04672548436903,5.195657755426842,0
77.13480415791243,78.6278199384033,1
57.04621124873813,20.13637821359744,0
90.10984903770199,25.862083488803876,0
53.727532183988544,16.47063534322959,0
99.34434683002587,33.02150648714976,1
88.61223846483287,75.6751505688635,1
59.93578407670862,51.93858595039374,0
50.27610585618012,20.488127415071254,0
90.77307142274171,87.78300781520409,1
85.34286719238085,87.95818549515292,1
86.45035840204937,87.05784250460069,1
88.56351733429729,23.87962113815393,0
53.70223258670452,45.12393441809881,0
67.92328642721363,98.49896561408751,1
55.79345297625649,77.20124763099903,0
93.15517129377967,2.716742122555982,0
81.1649063413779,6.5204591260492055,0
66.54490124263246,46.39313768123328,0
53.177917514301186,90.92202058615601,1
65.54911608578311,53.870179795271426,0
66.25916610133736,49.781250803429025,0
86.4803089169032,10.547369995663058,0
81.87787356776066,65.6780104724294,1
94.36063712881634,82.21031606002255,1
73.61074625809746,38.04200075075623,0
55.97971229691508,77.56118509253275,0
85.66223936114974,96.44766539008116,1
88.03925243084487,20.376645912768907,0
78.06385987847482,52.33296311947413,0
88.54835899772806,28.713795808457554,0
74.68977981821953,79.28544190338394,1
76.1366414690997,57.75933658811575,1
71.37705091792748,63.45824175503038,0
51.27095633720476,79.79141596158941,0
55.39457134966522,39.59704726624549,0
51.57145928433671,91.50900684070432,1
81.82052056318902,53.302886724614,1
65.71779905381634,15.7954822835348,0
75.42853455823514,69.58991181688025,1
95.37832369630465,79.32613504382545,1
62.464611457443745,31.67616770675267,0
70.51914615178148,85.7179256998753,1
87.77755692715243,90.61432547657664,1
61.43990827458112,27.690448737780894,0
53.84899549143965,98.3521472715222,0
64.4875726456884,14.071152804875842,0
58.06106436270022,20.201566840248997,0
96.48488261712865,18.422483923802613,0
90.40601897822086,89.39897100078704,1
81.67018782552117,65.42925523249619,1
93.57302950938589,15.210428322227287,0
90.18360384495573,44.032341836834895,0
59.32850294430179,61.529802506980204,0
94.62794992449889,8.34640849893833,0
76.96711209578254,88.24163684073388,1
90.37200775820313,80.36035354415351,1
94.80456499617466,50.52067735766382,1
65.90017374859319,96.71266152591704,1
55.50259622638384,41.77609792750997,0
61.39675812709709,98.41103190364979,0
71.35538943131282,66.79199988036271,1
90.90073829612466,63.467127325394145,1
93.03652916281717,16.5954895295785,0
50.34760652655954,88.1927758304644,0
75.53736512887829,42.74896879206152,0
70.87055015743894,16.223340578247935,0
61.105390523536514,1.260751997575904,0
55.99326836668414,55.975568363838256,0
66.8807585701814,52.739962212267635,0
97.14548519562595,71.93536223691585,1
66.16014660103777,89.02580530178021,1
75.9395310871683,7.9406584643029525,0
85.15094794475888,73.14964903403623,1
68.1814801189647,18.741194409758222,0
98.58910413604804,85.8177053157164,1
98.12236474710556,81.90635138616561,1
62.58911479126821,54.07937549855444,0
74.86242529461927,71.02427986233116,1
65.04391549083849,31.43501131837484,0
64.24202471887338,47.116789893281464,0
51.84434736772664,82.16368977104716,0
80.47821669899484,45.92651971732139,1
75.13395116144308,35.77982653254418,0
52.57393756249947,49.421244725029986,0
63.93232321183057,82.82492524372184,1
95.41329429833269,33.520804737087275,1
61.978094533348624,17.37615931357438,0
57.24474360456115,71.20140203307808,0
74.47263801387815,82.59782127080818,1
99.28252270553003,10.063747852353334,1
62.10276357557502,23.98741127559447,0
83.60677737029393,14.19719897609939,0
88.08098076643589,34.79414115821666,0
61.881877199619986,45.035097890541266,0
86.41081743059297,74.88263369633064,1
68.38915663596266,65.11475848816741,1
81.61529152967897,62.092856747843115,1
81.67648553804473,35.23749466096544,0
76.78873420373793,84.144755308476,1
54.51448850272041,47.128716739816454,0
91.7651247794619,97.91049380151546,1
66.0390032485868,63.41421382957368,1
59.32592551999271,12.626474156450273,0
52.0387570777382,67.6177562075434,0
79.5446471594121,32.5104015431699,0
83.87821809211411,68.63271966860974,1
50.829391446392805,6.964114816240574,0
75.60465291496405,17.48814371759594,0
61.3247887598969,85.57372589057863,0
82.25863952047249,22.71795570235149,0
58.718321450249576,83.704112524294,1
84.5468869051233,27.927608845441043,0
69.33676731502686,64.28819100587077,0
96.83649943683673,69.4150573509831,1
56.87604720729966,51.265475314505295,0
67.05331755251292,30.531067669673128,0
55.67367606202946,21.264437637109612,0
96.23468091392814,3.318935456242622,0
93.86696766904905,30.39464012407238,0
62.89708138575778,65.3162790531283,0
82.99920230170895,93.83048184484826,1
90.8611100100608,87.1204482263052,1
77.76004057997312,76.60647765353026,1
76.48252891780032,78.84473432532987,1
62.092614545022585,66.49849034759953,1
54.65513839029496,26.0286857566003,0
94.86078789766634,90.71950307058299,1
95.02090285816652,67.0732311905834,1
81.65507286366339,56.04406309804399,0
66.95148955243504,11.098946921348107,0
67.46047873063304,44.70555438064254,0
86.29778394351197,46.03582712019263,0
94.85551299762886,86.45636095226699,1
94.35432121325587,54.66482201877885,1
88.99377729288119,38.04005489704097,0
82.10158230771438,97.68003285106593,1
54.206998249752445,11.072059332631568,0
58.08143570473069,42.25484283119446,0
94.92770942635397,4.202467517140529,0
80.3214529829795,73.99041207669303,0
50.45985258083148,91.80765521991506,0
55.073577143301605,28.003732955048942,0
83.1750884554028,85.83416767991208,1
50.253079192310935,29.221823046189776,0
58.04040257087493,91.07701616439152,1
77.4366894683293,75.3961903596784,1
84.59475988463467,80.49067768414386,1
82.59806297513003,1.80065556004545,0
61.21346547302799,96.2810357074026,0
85.6089610673768,72.66709920703232,1
61.862454374840006,30.47510953861333,0
66.26998490796339,82.9394664858847,0
87.32457025590121,28.152119841492997,0
82.48164495236074,87.2753839566128,1
92.4611705247089,11.258039041193701,0
82.88064461501716,70.36859774607957,1
78.41543016677358,54.069847664491036,0
54.683738391404624,9.653447019544082,0
68.38579015297168,24.189382825883897,0
63.26011838408627,1.240403627731479,0
62.19948216895418,46.876796546450585,0
98.65052773762227,30.126526076000037,1
69.65488623333802,59.83574842977588,0
94.60232775885567,29.72378077086172,0
81.55693129986315,29.99191115069847,0
89.74056517708243,74.31931987316034,1
75.1318546552596,4.814283597835345,0
78.84519423131795,90.28949951919873,1
74.6258846909432,85.22638743911814,1
59.76214938990223,66.78046832264066,0
86.12260576307526,59.32215701073843,1
64.03861812204279,89.23024981396523,1
51.21579832157269,18.533017952871443,0
82.27361479535838,7.896916219082861,0
58.85553397035245,23.95101699095381,0
97.02292921764572,79.45782787001903,1
97.69642885012937,3.4670266726483323,0
95.74321951102243,58.280683508348964,1
68.50793501277222,99.54375161913099,1
50.77283082644337,85.56960938375394,0
96.41592812938626,52.14456890435895,1
71.40920741586572,6.364090928664234,0
98.33274095218349,83.13735143857099,1
98.18099885446264,59.89785081772106,1
92.650472773368,11.493299705956684,0
64.72244460347929,9.38572848233562,0
69.25488643009626,90.96268194365923,1
92.55683357584284,66.92002629380784,1
65.84610025781389,82.92867993167555,1
58.474637334304624,87.89789002822673,1
77.84006312291751,57.17723520483222,0
96.80773870803904,51.74463517550413,1
84.80148983374865,43.042741032099016,0
78.50305850446824,31.69465877911193,0
54.85882468853843,43.459596085871176,0
80.75036133495848,77.38796557301563,1
99.50269250521316,60.19234310151316,1
57.0042007618262,89.2523289954846,0
75.91648261818683,44.33800143791877,0
93.86865359639776,60.7089578718754,1
87.03843088771022,63.130755309198875,1
84.8507870497634,59.16971623063255,0
85.12420419935546,70.26337730855164,1
67.97455756098776,23.74334683748063,0
64.67959221322467,51.23637775457907,0
90.46805777392568,10.422480280834767,0
90.50566973395904,38.45113276448126,1
93.35361592900519,48.76670686212644,1
95.66202762782356,65.22242595454725,1
75.56711994304689,95.05310525862035,1
75.07581473435998,60.06510665483559,0
89.91475894833876,74.35939161765597,1
82.49819653888827,50.626605949520275,1
85.09834386288517,63.41040313763313,1
89.78963347180505,7.093221613377343,0
94.50026709087831,25.439158084184697,0
66.89975784257679,36.185309320513866,0
68.7791476319972,47.249335500651355,0
54.69909699204345,4.564874550238374,0
78.9140070498087,14.002409755331769,0
51.797113689837104,27.68143077913058,0
73.27990090662301,97.15326909010507,1
77.13223173537884,33.134700710305076,0
64.32706260641422,48.20410581120825,0
79.54166302845053,19.609771273839293,0
51.52501249695247,61.07800710757682,0
51.86740943746072,28.068321551597432,0
91.13002803298292,20.699257843842677,0
68.00953207056314,51.65726284459791,0
56.35302563259424,0.5505799160420821,0
76.11216300274022,0.7664032649225327,0
88.49967765493054,21.906880910185777,0
60.791051374842155,3.672136250082114,0
81.14452379095002,10.802575413069137,0
54.2673732496884,33.88606493387516,0
52.58408605843039,80.25856795798128,0
76.5677315784074,57.204864336930086,0
77.03175608050532,51.26677259564164,1
81.87149507491033,29.348882320812166,1
86.30456668613309,93.17537194328163,1
98.79260397312673,39.70150412371917,1
75.81501741505977,8.70927667957715,0
66.1478236470623,61.70665161178013,0
89.75930973843518,11.38383934766014,0
63.54161256310371,34.52231428016921,0
71.9485710352818,50.74119387178089,0
53.922819067113295,87.42225246851758,0
51.267537170772876,49.35465803401187,0
98.13242073389625,70.22587660316643,1
91.79900602561028,99.28168389990704,1
84.7987103046849,13.148911989798162,0
70.44764722071349,27.47315255195195,0
58.66471600354229,39.45760755976464,0
57.8218521335543,42.18281785388314,0
62.512144908229764,41.102107526554576,0
77.46133323530603,90.76110025565549,1
85.72979613500311,71.40326444668564,1
83.00986883588656,60.79052140907037,1
63.99669484729714,30.93727178627821,0
97.7432640331597,82.37903842212947,1
86.89484583478843,95.5060511484989,1
77.71770262557004,82.11982825502265,1
80.5860373117176,0.15651051914729042,0
70.9800031213895,63.6401370183407,1
62.386549475057876,5.1135381442100725,0
67.79863393256308,25.760722033372186,0
87.89230552321845,5.952470034777169,0
50.719674431487796,60.37954529493877,0
55.80363202534581,68.65899134926067,0
52.30013210108764,11.448763806590511,0
52.03644011594851,38.38388830449795,0
92.77302920055035,45.6236508955542,1
85.18289296900119,36.90530217609166,1
73.70869145436626,12.102500048519305,0
54.89170803255007,41.89477901874754,0
74.58079375584163,75.11780478084181,1
73.67358853902829,7.100766453325546,0
58.66009349550076,8.018001408190345,0
71.69258246189865,35.47712918359842,0
69.92523671986868,94.1725711618925,1
80.79250490261083,66.85726467229141,1
81.75468254338219,67.86699566725648,1
52.265200488602225,36.1919990837865,0
68.73063073132356,59.36607912085384,0
81.29299578571182,1.0131184027743378,0
75.15681292900439,63.60960464095422,1
92.82449205941612,91.32869475762368,1
82.93468158094726,61.25734683448192,1
58.14672135407149,87.3698593466345,0
53.52843737002149,72.39730554660937,0
82.12096391031578,12.055841640369025,0
51.32556552708109,90.24533072858418,0
79.28877906367316,6.644384435577488,0
97.01151207124788,53.39674725477638,1
78.77370889379395,14.213712379345766,0
69.4084963103261,1.1706610730904066,0
82.16441092211767,42.2034260127639,0
72.91264452457582,29.504070765415623,0
77.28083946579675,48.6000493797603,0
97.07324043882626,57.71998867345508,1
69.30513189003871,4.373907230894735,0
98.05952819119571,12.300329512374564,0
95.26753209780318,55.86423964504254,1
59.78955673946482,34.316735317265824,0
53.46806504375827,72.9173487549448,1
55.038900068871335,65.22916485919397,0
50.91109128257749,84.56043629899068,0
54.72214803779642,69.24928266692253,0
84.15033867081785,42.99310773901481,1
53.55943242301145,67.29666223944324,0
65.94878151468806,27.538117425541852,0
92.24376554847274,30.63134987782127,1
51.163596786791295,78.89851599207933,1
90.72342412944678,44.64195164015822,1
64.09273873867,79.83803405183525,0
55.90824138108281,82.24223736682784,0
84.83685826820754,85.75623376612837,1
81.4471423389942,91.66352358412072,1
93.87360067635265,43.098522051329624,1
86.75355219019428,31.886681832113883,0
90.17404651924244,58.21987465941139,1
64.10172862856533,37.117242343762754,0
58.87197718898614,60.1074166800233,0
87.53073758204292,70.55858626438246,1
90.3417369633632,68.84050184921368,1
99.52525710003366,37.45528870201213,0
70.63088384557133,16.68602016987528,0
68.60090428963916,43.05293384622075,0
88.82064803709984,14.259414408190874,0
67.0401770126509,89.00970351838083,1
96.53786628017824,34.58774607378574,1
92.9206375921506,15.445974722332378,0
71.44970136875092,2.5447759905750877,0
87.54355338957487,64.58223862864843,1
87.72714370423412,63.69023174547432,1
55.15619344179663,34.060416658129164,0
95.12764533397834,7.171188884765101,0
75.26261862239286,40.9628894895232,0
91.32287330538708,31.12174950633936,0
66.00248005153058,67.71206397350093,0
94.77616142481003,60.57792494526903,1
69.46008393670816,36.459372819754,0
50.54188257401492,21.78925542549901,0
95.26909882096318,98.80359661555919,1
54.56433383930668,45.40016211961149,0
65.96568187952074,68.82742357802371,0
97.50309835254025,14.055296757836079,0
97.5303573468778,48.55896996593978,1
78.67189440616431,2.7536719869465487,0
81.59186060848997,50.545511791044994,1
72.42227609891599,96.40174071177023,1
64.66053858490322,38.420671298580025,0
66.4332272684958,3.8996012574911587,0
83.62592280385192,3.095579091934353,0
87.618726471884,38.798675994686946,0
89.57895218629243,16.002493646319405,0
89.48090713972769,2.335209632818591,0
54.560305152434516,75.62136139501769,1
74.72101523512907,45.85230088818907,0
52.877938000832216,28.924477197265453,0
77.47644411618677,90.00831830164807,1
72.07652506866884,11.613896020052561,0
94.38520913791498,95.59188289553192,1
67.54575062760394,31.396671737735282,0
55.853350821380296,88.84036723086813,0
57.149584102641796,60.294287647946156,0
88.07553158587362,82.67073597414874,1
80.91090316581305,98.40131632104642,1
55.05613380613951,28.840543781874572,0
54.20534030574987,96.1135485407593,1
85.048456572956,38.94818949024204,0
53.638150318209675,38.55119047369223,0
91.09300296451781,34.03871042545057,1
85.31211135782482,54.14076073475852,0
54.06743903209499,15.41450431784871,0
54.241885704259595,55.37114853580112,0
99.33197892505876,54.1704812410004,1
68.71353978780601,76.190181260487,0
68.53210735334454,83.36499619375856,1
90.63997836287513,44.044135031242405,1
97.36242886919294,30.233324935149376,1
99.30005319114355,25.933489731709447,1
87.66890926294708,19.462383670487192,0
68.81297927654579,5.764758219902488,0
54.17503583493344,34.244797883471335,0
88.85734579637185,27.024769213078326,0
77.92021248679025,96.64173858664074,1
71.21110046234881,55.77088262500439,0
95.3177192547368,34.72770390305075,1
55.559874115307565,58.0467600993696,0
74.63125521454296,13.91967013456955,0
50.567682238370956,44.40437492022029,0
73.43303209970631,62.62343214210638,1
52.815163784091865,48.889783179245136,0
55.9408958134036,40.177880065432426,0
55.87631233885524,99.38483888996981,1
82.46051510580318,88.0314762148927,1
87.30224396327117,62.34059581594401,1
79.16843825485799,56.93773611822828,1
98.10862742372709,62.06604798245841,1
68.7435289761852,20.131210782243325,0
64.28560431409304,39.51377432643186,0
93.42995640947302,3.945953289089932,0
61.17979192597263,47.554603748682666,0
98.16112697203056,54.302458395766315,1
50.60772373449082,22.77497361032096,0
98.49394133538195,96.40288471655137,1
52.1579955975288,90.9454610937242,1
94.55715568490356,72.21432354559059,1
76.385055454315,53.33866287653626,0
99.64823980596502,86.99691596476849,1
53.68982823676994,13.065234382346292,0
77.69271422006604,79.0509794274885,1
98.46512678095495,12.48208139668483,0
76.15489220850745,79.42106625494054,1
81.46993190676312,27.576756825135696,0
84.78743444923086,87.7090581018189,1
72.72705323838866,94.40420938253979,1
81.37790400420317,14.879596940511563,0
79.21571559615501,46.267560506539354,0
95.05790052454944,98.09873781626851,1
52.272319017072896,48.34074359731466,0
64.04815947961151,86.35475225145451,0
97.52057420382793,58.87315221313199,1
94.51318919454582,37.53299079196019,1
72.78283763928565,28.57835555258702,0
81.00662989007684,20.322309108608728,0
63.86905914905663,76.17981913776973,1
59.40605798618807,38.65405068230279,0
73.18492024699911,51.12754622007512,0
67.66761140130264,49.23254800011819,0
79.1828055925436,57.727902923313124,1
53.88673184824924,86.55771456245522,0
98.71974038330833,98.07393435834294,1
99.31053722398013,40.758420857381694,0
84.90808570098726,82.7518922106303,1
76.80481831720601,76.45277946547176,1
65.47638081431639,57.352895145557326,0
90.68975098534743,95.60471436119332,1
84.23655862769397,20.04745155284028,0
58.130846967244565,10.92642103096214,0
95.54635922469213,85.39619669554222,1
91.12686214615846,43.91498166337483,0
97.4899956645962,84.69688542070605,1
86.28597541941801,89.30902051954149,1
80.6707597967895,6.245759361907144,0
70.91215181453094,88.34647629860606,1
96.63642416770065,44.831905536942216,1
93.30319447502042,51.04324890042322,1
52.26093350530947,62.659251109321026,0
51.3183487248626,92.63826067300867,1
68.82316834390248,1.911609442976403,0
90.52766653909165,47.68434683178171,1
99.36380646574722,68.77220424305607,1
57.52084455517641,72.27069576982285,0
79.70653576760675,69.2532431537108,1
69.04454283155107,13.443512940812186,0
98.49571989073016,29.93955883716812,0
92.10594615678544,35.87155254170135,0
91.91643523555689,80.4437207679505,1
73.43465798974852,27.875987241455302,0
70.74097511688326,21.070496386720315,0
63.670353596535314,95.74480190380962,1
52.81877483254635,0.88632851134689,0
93.23611881275266,99.78208556819781,1
90.64505045650388,67.68212988573956,1
99.98588366430653,82.84692994491171,1
99.83184185369527,29.461939634619316,1
77.77158528013138,1.4315277667059978,0
88.44937075902553,73.78695185615301,1
97.23828649412141,83.41445970006758,1
92.48236953387058,74.04761319535191,1
62.36740508715988,14.285028730083859,0
72.52720676550467,75.34279222569691,1
56.45797075757475,76.8922782107641,0
97.70255136293612,65.85405156700548,1
80.308731722544,76.61159327955862,1
61.43214027517314,84.59214396777321,1
83.58503422029284,61.360411423745845,1
80.90641202289478,8.860471396967906,0
67.90813590164203,48.76278096672109,0
55.67787960998145,7.764933467160507,0
83.57865977963998,40.75430310324308,0
76.01538504518966,40.71064891256276,0
88.61591958678196,6.600984414024158,0
76.00817505559966,34.88205339694793,0
92.609075015927,11.099809879131485,0
77.59534193872427,80.82352100092221,1
78.04689857676931,94.76880259644707,1
93.83268013291726,7.231647525793861,0
70.17414331061985,95.51152072917014,0
56.70076142253204,52.25765993367452,0
51.43913381566695,29.95656779538739,0
87.75686278368096,7.686207527616351,1
81.01547756767323,50.06242680704178,1
85.20398840496118,79.45155444907486,1
60.64820807544554,70.70864772666981,0
56.818573779338486,5.022601146397376,0
50.7272332833941,7.290183536790352,0
67.52937794032985,40.28732826326371,0
79.49588434273166,29.52904940479433,0
69.61220225498661,23.238432305604782,0
71.87374610118646,28.10044989087136,0
95.20793472468742,80.34827432968846,1
67.41277335116501,92.92280536318539,1
75.69947445799053,40.510269452756646,0
89.18265063705715,90.61110021324971,1
69.8271391160635,32.1495701247882,0
81.10433501139367,47.64369863437916,0
93.11818543733726,22.602899781599973,0
97.47603118288211,64.0476042175844,1
57.3536740464519,97.89811151748088,1
96.32938125807472,60.34930960433786,1
74.6058146539769,35.78140841135489,0
62.91221941494792,64.78174459905284,0
72.95678781191307,12.292067846538757,0
99.00162876427385,88.86590802653987,1
74.63090469964348,50.30839507798363,0
66.43758051437541,44.93497420396421,0
81.67004271583629,58.58647884535192,1
62.00728093890965,62.47838627894025,0
53.7931664054332,7.177580622651303,0
56.44398609553246,68.26172212234025,0
56.40229194788862,24.193168031552958,0
57.595134675614716,71.39526325065899,0
56.94135863247051,82.25347943841967,1
82.04373724016074,80.39585075525203,1
59.09400421995724,55.25009674078891,0
67.28336416619317,52.016989231075115,0
94.8394204953006,14.287596133941172,0
73.69808201314362,77.53461504031355,1
83.37788692605136,27.140938044671437,0
58.61599356008149,49.669542281794655,0
59.61445094043354,28.42740929275167,0
52.043430813323944,13.382836299969314,0
58.44675315360823,62.95576968917366,0
63.92951695159793,5.4332034822903825,0
58.85052421383734,74.86452341262,0
54.43512668785278,31.758679526111667,0
56.03179355503004,0.013469300448532007,0
73.03893840163629,51.11291392372298,0
60.31668592028963,4.6851908527603126,0
68.21349305240378,27.616955782089946,0
75.17086354274284,70.69764874557161,0
84.51974143146826,6.268962162186586,0
51.965606992054944,83.93384923560023,0
89.97051994545214,0.3819922658583108,0
81.39501947454539,24.682386920190226,0
54.08795159744359,74.09040561520715,0
93.67893120533887,31.627014972930677,0
96.04362002659066,10.189238806601352,0
53.05389799274319,36.02339188004279,0
63.843882407360184,27.039328638452552,0
90.31006398965306,84.27119021605549,1
87.41298451918291,31.334791758514314,0
59.226050967818864,78.89324717760073,0
60.467466166835514,89.18721448107347,1
68.5236051395691,43.381741957652956,0
74.22614925955106,90.9943143854392,1
80.9127385765148,37.73180539631929,0
68.44568197848862,96.40784164901082,1
73.1267358066574,8.928952452557294,0
87.37354690668784,68.70192665032427,1
51.834160144529896,49.38140404569287,0
62.62184721720104,38.76488054556471,0
85.66747929422762,63.27118787486009,1
94.76034188435997,70.38570916343312,1
75.58387210578331,0.43632696503090873,0
76.60567426326578,16.69530887471987,0
55.358600566988805,71.30460506343186,0
72.37061834117273,66.63854135782064,0
76.63086332275115,96.60475051286772,1
62.12352518173648,76.1037790250783,0
63.46216154746905,95.0772707731338,1
68.86420815523113,70.25405015348069,1
51.003559888886315,29.805220863944314,0
66.10395827915892,10.536492225085647,0
60.572400349827234,78.18238633449356,0
66.37486760889573,64.4149221475916,0
55.98810659096256,4.818601239329623,0
94.52636403699475,36.005046590097834,1
79.67962267770244,95.67998154842861,1
83.95511595722448,50.04011457102012,1
89.45856193036691,43.272913601970465,1
74.92210994645286,45.7699605159294,0
54.34601440437118,20.88827240051637,0
76.85532709092739,36.87071708647952,0
79.34205590104395,36.98132559871766,0
87.2719737092165,5.2355020187472405,0
71.58297731148397,76.75676285179182,0
56.37901513977819,41.6504431903879,0
64.18879528993622,82.21798868164232,0
68.15411481993175,85.03480011198954,0
82.29586206658007,21.199405469865805,0
78.53891523344559,65.73534821701286,1
67.80483629489231,47.22818041629817,0
99.32576243964898,88.0156737921485,1
80.28874096784436,21.57406791764541,0
61.86133958679972,67.78132003100443,0
55.089123631020186,60.775212225272256,0
57.642956959216605,29.53014775718328,0
62.29788641922541,13.660090365117261,0
58.03406866297779,65.16397604772766,0
59.32835120256529,73.85974581323308,0
64.25475843469235,31.562734376335,0
58.66867976473774,64.48326040223138,0
94.83827123132126,39.51309076115032,1
54.01168728308211,71.32068832826177,0
76.22556947851274,19.92152748940531,0
70.51984134948307,89.02150026361744,1
99.11893084543033,28.74095964655797,0
55.60194510840262,36.77859877561529,0
69.89277995228709,5.8091952080349785,0
98.47352166376845,11.15122123212764,0
93.27535629469901,51.58619027123281,1
90.85360354746399,26.75926767279715,0
62.895141352246995,83.54802257421944,0
58.54437936950329,1.4693388654953843,0
83.43216099622154,37.90940486719362,0
96.46879945637929,33.73455467690927,1
77.83814465069649,1.9327630917601035,0
78.580634473495,12.436839900051023,0
63.998954683014205,41.36426749186353,0
88.47464665959684,49.28645844474466,1
59.35218742787617,40.42897472548691,0
66.18396182021218,53.093767841209385,0
71.27182193082083,59.51316749056815,0
75.38051893422275,0.992382112783563,0
62.12048662075401,46.409515945350385,0
55.74184123696018,96.34992408875883,1
80.53100212208163,51.90322801295487,0
64.43152766201278,67.75422674589532,0
79.06191107113061,31.18638579168832,0
57.718135763710116,77.39913781527625,0
74.05700509274087,77.2921481876115,1
76.62947162757929,52.129604765413895,0
52.591176841121346,97.60138232792136,0
66.83021390969603,12.555021476265338,0
56.72073384694871,1.6947664889580993,0
53.168748523638385,77.0158211757096,0
99.49801161949726,80.71555373648826,1
66.11769224873615,12.020722912057625,0
90.49372229273175,26.55828329586061,0
62.732032738188195,1.755236336662891,0
84.07513611119646,29.33086107805647,1
88.01139299448432,77.31418739186715,1
79.78193703039221,51.79605277125789,1
73.57880942750792,34.80955931682881,0
70.59204570736343,37.17392949063303,0
67.44341332714977,0.1353625715468154,0
96.4764572123913,29.98005275652359,0
91.53097038938645,64.64587416379305,1
98.25134553332563,97.41944438163571,1
56.21486117427724,84.70608269838995,1
86.54337376018222,2.3594964645529126,0
96.91702284105189,89.85606046748393,1
59.061653308283006,78.3198413298626,0
53.32481336833887,78.03761235709804,0
87.05603246450295,45.79957590035715,1
78.7236556589956,39.80052929545028,0
92.0914388379136,30.29157288331926,0
56.988618831314476,6.569485895436578,0
89.76336559299452,22.82353634936991,0
60.08136600238723,24.66036349780246,0
58.18279714328523,48.40770697102016,0
58.21328989654965,74.7444406596694,0
90.72873601156911,47.38098283979466,1
83.25986103481,5.784444944716061,0
76.15327123845597,95.77898009882038,1
67.94152420617513,94.27243190941122,1
93.86002704065541,78.51895431484084,1
69.62225537113177,99.13279015642206,1
90.82997197357886,54.448233280026294,1
71.95674542851091,96.27683502532061,1
68.84722147124538,7.560504061675077,0
73.13398928348032,36.568074826137135,0
65.0688937082071,22.538126800676583,0
87.38046900881255,19.583308413427,0
75.13601950462396,14.08029488926761,0
61.61063475734086,62.241364156599666,1
94.97872866372842,78.1321855747305,1
69.19456106866056,57.82983994203607,1
77.17764305569943,14.696270958820968,0
95.32360554822735,81.11237699334708,1
81.21189979569961,63.59547071637285,0
55.8449020354182,38.81657061269955,0
96.99160618067376,67.4130295536063,1
81.38540265357089,25.990497924283286,0
66.7452807328543,34.51922084942105,0
56.96360363316936,91.74858431319902,1
89.7012594635148,29.05045056714204,0
81.00363779642568,46.99882681579366,0
76.67305459881608,89.01411373960147,1
94.69462915254789,70.77213502675275,1
89.42986056122655,6.220322616470275,0
57.58374398663756,14.730304427897034,0
65.5861033897774,0.7841590771916818,0
62.424456990723286,63.09217902291634,1
87.19731462863385,44.767342541041835,1
51.67662173678897,13.427485090227552,0
78.49448424356582,95.79341210567705,1
88.12293428703452,52.96597239456199,1
93.83828183808748,24.189329411288917,0
67.10408743579538,50.06035711547076,0
91.06286523360063,67.96203327351078,1
55.53158684776036,7.623921797356448,0
92.3226145867259,27.4703815047892,0
56.37443311659912,80.69654908839937,0
69.86436452801837,45.966487040266124,0
89.86476828897767,54.65771420322949,1
57.49587136743869,43.28160022094693,0
61.462569761632075,4.389994264300512,0
86.1126284196533,16.574977982015593,0
86.00182682730372,44.554163874189086,1
82.05738164426486,20.918546540792782,0
84.697422223355,4.997902865967873,0
77.13622216737981,84.36496640518237,1
62.58995294534763,98.11925291641158,1
67.28479967519597,79.31428739967394,1
59.079885840071285,85.3784921704667,0
95.42252806668142,24.197713031704538,0
79.16958973830603,96.06269755131997,1
70.042570838182,19.692570445342838,0
73.10029018220663,95.14298103618323,1
97.36416698059077,99.4819293965951,1
57.66757015580401,71.17228057460487,0
79.31149160083986,98.1143731791822,1
75.2944339442233,56.95397795671037,1
80.57271177173239,25.954178317609035,0
50.90550919104203,43.699588566562085,0
93.60619544720757,59.35609353787859,1
96.60591412418063,7.308156202701499,0
78.25665917946044,62.234326461724606,0
84.8325411938446,98.11778367622945,1
96.12496905886479,19.010764978372762,0
85.36193171566993,79.25951162883833,1
57.62695214571307,90.78987937796194,1
78.81441800834065,94.37015928202209,1
80.3357523191428,96.01356044054472,1
71.2065335651193,52.14596387214719,0
86.82221178123615,97.73079079915037,1
96.71835073845074,75.73102071344388,1
96.27842564533881,16.16714362369619,0
72.5419685702066,47.690010646797,0
55.661902292037766,71.8331175372004,0
99.24205994811672,24.734031581908333,1
91.94490432229671,64.06151835488873,1
56.233134060163344,66.66004790466192,0
96.04209413086862,16.26997438085659,0
93.49481810310641,56.50853124527563,1
75.94190285630361,77.16269109786077,1
79.56377178724647,49.88956645359419,0
69.95013519350651,1.2103116776107425,0
52.73808194110157,0.9038469079292177,0
66.75986208229504,35.702934397001215,0
90.14267242990057,92.6194068431782,1
50.23160115023014,22.867677960360876,0
66.6749585845572,63.43636888716871,1
69.90843467954717,22.207587069332057,0
76.86978014689615,32.16699896595486,1
95.99278082063802,84.8042089601484,1
67.31729971829806,72.88614422699469,1
67.34766009481139,9.539927731321063,0
86.87506240548743,42.87020209864336,1
72.61089704449036,2.916976364526447,0
61.2302411469991,48.0890146603009,0
72.62197580663467,66.24340117010681,0
57.04285101898999,11.850262359815156,0
58.819349325311165,28.888493890916568,0
74.91838863697399,39.783662550215695,0
70.9462724752274,91.95310246560497,1
95.742295053405,99.32550154229641,1
68.11969495583165,4.491129899561585,0
79.02941751390217,76.1007923495392,0
81.61321439597651,37.17240664023432,0
50.654722829416684,39.245818622948,0
83.17686860083553,75.42649733470228,1
58.90179834348757,91.84264321454087,0
98.05351587347275,95.09285945025483,1
57.43313638765565,57.712258603832076,0
70.73120618635119,35.71211593005028,0
54.26748340393219,78.75490858587793,0
99.84371259229736,25.100138326230027,1
75.10975051656213,56.40740288335178,0
79.76925086600218,35.85784615248732,0
53.353823869421376,65.66310737078761,0
87.49802351995889,24.03989128935069,0
60.49527965477929,19.159294573482576,0
94.90271447203568,91.8239086675437,1
60.25698202410036,10.18036829495369,0
59.534386033183324,50.595790773493164,0
51.827483392404744,22.085278296300892,0
73.60334725549995,3.892996332566745,0
78.24205666313082,3.601881829142639,0
53.285431971417616,17.522177210582733,0
88.77638083475053,86.67703545060003,1
72.66444173740138,28.247874397702667,0
76.219513466379,95.04591705752958,1
72.03813734691141,58.16222929891936,0
70.0381530437663,43.66141897687661,0
77.9820165654109,58.00888346694546,1
57.76201229653562,51.669838522626776,0
59.09640652476355,75.87762537573252,0
93.08928105067587,28.249606597285226,0
97.30577310668164,35.30503916003024,1
68.66546581398765,89.40943025332507,1
63.53723365717769,94.64565131504055,1
82.19997716195078,89.25582274864745,1
70.43670855490481,41.94479939573136,0
51.26931778301724,78.03655030068816,0
57.80762986830952,47.63357333010988,0
85.79861144236988,49.75398521461022,0
82.94619709550757,20.468010905728395,0
51.354799625174174,59.113030325851646,0
61.098608096647474,18.613589775334795,0
61.55373982940357,33.15646990671938,0
83.59463717993643,85.50302016199352,1
50.98552688771821,20.707580921085523,0
55.205429099228695,7.115828517343282,0
89.99580426865947,6.90075926128163,0
58.927233102716684,94.07845205031079,1
82.63730539259373,50.69204379618346,1
61.90913905233633,40.941207181701834,0
54.97206963796726,81.08785810079185,0
62.1586095499727,83.5825927910516,1
86.11334659278296,33.21910331156046,0
92.78482340531428,69.36180574737952,1
91.51099322834958,77.11228158518865,1
69.85917648092274,65.46506868659546,0
83.40425682853231,15.159507480009937,0
60.24921477079105,87.5883083517057,1
64.65738651305067,53.90945527360087,0
94.81679092605599,28.24724263700037,0
50.6500961755368,42.52281854376939,0
54.2754265427234,3.757109039890738,0
60.394312757301364,12.786680122241755,0
51.32661019369099,76.55467505158609,0
59.071771754489866,0.0011634755366141114,0
79.15207804848461,41.65658284822922,0
71.0712275296249,52.251018108558846,0
94.63358555384875,5.4634420000972295,0
90.87217808692205,97.30781629723329,1
67.0908675848938,22.612533124967193,0
62.971171671564626,30.419871963628086,0
68.98462040836334,30.39425122550273,0
79.51474712574039,23.04166621173499,0
63.403182041143815,0.1473822086311416,0
81.2074453924567,72.93447940879963,1
70.47058260956203,96.68454997992853,1
77.602359042599,22.429348328504506,0
71.80632645676583,66.30471918034225,0
64.72328797709588,74.18963269587151,0
97.42266534810784,84.84253790905247,1
88.18028970798804,42.262919701360914,0
57.00565878832263,30.293090564042924,0
93.42339879489563,32.52951340230311,0
74.37155991247567,71.26213330985128,1
94.72761134470457,81.6779466505636,1
89.99276279736577,18.161396775660265,0
71.26067522346167,37.09410081577652,0
51.12346541600587,90.19401967491501,0
63.4338679692473,80.66935196947392,1
77.08171073304334,98.48584027624759,1
81.67391099130737,75.42482596820807,1
62.894384271660115,39.319520102792225,0
56.96780370364121,59.06378339946377,0
91.74651183996495,66.10142542473203,1
99.22010903517761,7.845581631712395,0
76.28450911513428,54.44969591038651,1
58.583964292415175,70.93208284726096,0
63.61536632596845,16.732130400106037,0
50.919533827373336,78.06317174255571,0
95.71494032802495,58.37727805141116,1
55.88755414450706,95.22217856975946,1
78.82582377571268,4.24222982068917,0
63.7027610343603,26.5326137555467,0
77.70890012578967,60.15538792998241,1
82.57101941759322,29.65599122059307,0
91.48709018536007,71.44241640712423,1
60.32106358803016,75.9005282521931,1
50.549791432924025,10.251596406647446,0
56.844281503440364,51.38544642067677,0
95.00093209240526,50.889055559105586,1
93.69450387812577,36.92807702155411,0
79.87065510851542,93.29248625696721,1
80.02584302168268,82.75063198732212,1
83.25183372731277,69.72093819096368,1
58.76856393117248,71.43266357349975,0
95.72059729624799,46.17161438131191,1
70.93852624460365,92.09945210965759,1
69.15692641247487,69.45954272532853,0
75.94588526414188,72.89810616558164,1
52.348298338752755,86.16909037873452,0
58.31416843780397,27.4071589342191,0
86.90168082131852,80.7070903866703,1
54.139933396256325,19.524060295649203,0
80.1576054733194,34.53419522448878,0
62.26745548406605,33.56104542698427,0
69.46478070209884,97.85254683891405,1
64.43468683853499,85.65372237479268,1
67.78363582324747,70.11698615902597,0
85.95229525921228,72.70567616153902,1
64.85608578115875,56.20727944025711,0
78.32023201484486,94.70906671085191,1
73.80252010995498,49.62587528823615,1
83.1835582681324,38.05177098698945,0
96.84148696623791,16.3035336931591,1
86.62860486051252,78.6205652261058,1
60.74701892953784,73.44439320755914,0
51.55915675306424,38.43550385241349,0
63.113202214991254,2.519341395922936,0
79.75389653501274,83.89973277180107,1
52.57129067421252,1.1417983454073632,0
74.81831236006181,70.3699779629051,1
79.84214244584446,97.02571097260571,1
66.71219454084805,43.766132814820345,0
88.54561018729109,23.497340499595275,0
55.32991265668859,70.48710100433817,0
53.75688908679044,81.71281420155852,1
86.40943781018017,54.64303160778473,1
74.77456581030992,96.70352752561462,1
84.4201198213868,5.166872165796111,0
71.74136693018731,50.479559830452814,0
62.32010166195534,71.845394732255,0
90.95511588371,86.2640471149179,1
89.97079394844897,17.925561190779003,0
84.73482354272133,80.00034817636814,1
63.607256861498136,55.27070757185453,0
79.51153334345435,39.65536819899632,0
68.04869484700134,13.171502857909356,0
54.579103666331704,86.52957589089124,0
95.86567877311214,15.727320817971535,0
56.84093154594807,30.978785920909925,0
97.51186769104012,29.004553196243688,1
72.30028864789779,87.14140341908544,1
59.25664644193098,67.2702994208898,0
77.0950473689179,79.66813971913723,1
93.64729179382041,25.046789879249896,0
86.61124432047805,62.48740996069989,1
90.32805739307248,57.17459831437487,1
82.93916833553587,83.28303767882711,1
84.61382822589263,90.60870604812605,1
92.45978257826596,1.2156771477386807,0
62.483400442959294,67.40199190587927,0
74.47124818215703,5.1835799119729025,0
61.06047209098011,54.88586650773559,0
99.38340039983234,28.76327290436782,0
97.20296698433066,30.67765995221412,0
51.9713405684253,35.29585034523566,0
85.27875862578442,62.12924490496101,1
96.26241587078329,33.40499656687692,0
59.02876725636668,73.26990505902803,0
78.39726152763147,40.45273855738697,0
95.77441487940209,6.835320030995861,0
51.69729892928994,78.37598424841073,0
84.871013362342,28.5758324592706,1
64.86745036862754,43.276687959926264,0
96.21980976882652,68.54438832219016,1
98.55291225826838,33.2456157148712,0
97.2133244556717,5.658565614671563,0
73.71071083287319,37.39210470128136,0
93.10213254946567,94.44485826943034,1
92.22746992675351,64.17343972985582,1
65.95502366216279,67.1479148667207,1
91.44577370753387,63.22821536376399,1
51.85038173577463,19.899213895943678,0
79.81349392410266,41.833386410228016,0
61.50044186438515,75.09397983633183,0
56.02834428886394,10.137289755315916,0
53.84766008146046,27.785277608971228,0
84.81443879390699,27.631910846585363,0
66.9937481884033,43.2018927594506,0
86.23833857643808,98.0368740942185,1
53.26781703994712,6.750254668382194,0
65.76451689153052,51.870099438059505,0
76.97456461876686,17.936468201221047,0
89.53615824194819,97.06765454097442,1
65.9376251466035,11.33035047274642,0
81.29456882185045,40.36010023615913,0
94.29888741180935,73.78849848346061,1
80.79315940911523,70.45544280274453,1
61.64797373768169,42.272863689393226,0
51.220039077826904,34.652416795271826,0
93.50494369504649,39.76123785528706,1
51.063470542519354,26.42762631586393,0
93.73508363420997,20.53329387067998,0
76.4468567013606,48.303969755889,0
96.95338492564481,26.853375606760732,0
89.93916178868326,28.746166489725013,0
99.89670552666686,65.67560634745571,1
67.53559077258551,96.85373316998923,0
88.35941444655634,60.363720055937506,1
70.0965456804621,7.697946706496628,0
73.99378101519544,7.558361385406698,0
81.37527316091851,95.1423220845566,1
93.68385570931693,29.729079030733363,0
99.20417345996475,9.206698608247542,0
88.41367069322591,59.90445871503815,0
70.8883391083667,62.36487782902661,1
71.06785011385351,64.85048201186882,0
86.87911507944457,26.74020278575413,0
61.938857288415115,1.5110684214475034,0
55.52370565656973,96.50153694544719,1
67.73110788203883,25.089304569110247,0
64.36194958270409,67.60262880525475,0
64.81540602279951,70.66298698787095,0
61.680387552495496,61.00074170794857,0
52.104659481818096,31.290739421364822,0
50.89369673667069,27.109625376406576,0
99.38611948680158,59.76682827027031,1
71.38865668679311,86.60956336116915,1
69.21633235798409,94.67337289233956,1
83.9823641346535,10.590580440375764,0
60.912694393253204,15.482861259771985,0
97.49805919751127,94.47362587830797,1
89.3172507207776,73.65352283347926,1
54.47055011561297,88.29938248297731,0
70.87903878924642,20.263263413534315,0
93.95591537810824,58.758587110940184,1
97.2366011145705,70.11395944174737,1
73.37007556249348,68.01118854469726,1
80.67056946053539,40.81516908666981,0
58.35169730460376,1.5394891691308477,0
99.55843130684883,58.29260568042631,1
61.58358506917217,25.310153917960875,0
97.13658870675629,45.02542461428904,1
82.48233244961843,95.75810150838173,1
80.38683974394296,39.903531764243475,0
75.63442555082543,83.98016066644267,1
61.53349058588793,18.854060574925114,0
58.82640160027542,67.24604980250288,0
61.02431045350877,97.70069544389435,1
59.32191310721272,10.189310087293679,0
88.97922367833766,0.8319942227192012,0
67.5062629583365,43.35827926326144,0
52.89213382816982,9.26254830513672,0
98.45513150704056,74.83843496762313,1
94.18929424817128,91.45486638485589,1
96.38761415976064,43.402097270875885,1
99.74539113232177,25.871164215544095,1
58.69476246097437,43.44033190066098,0
69.81210094513294,72.3447817850001,1
87.91192378520456,0.9054161580370979,0
84.8010309026896,58.945398948469716,1
57.69479531699275,61.329168488737906,0
90.79165624953089,63.76882468959355,1
61.22202859183304,24.202207998087722,0
61.19088074113115,71.40527233781268,0
76.84872114467068,9.13914863317764,0
79.64699674208515,19.92703364668008,0
79.00431039189056,87.74700466544819,1
54.574341869887746,73.87231507265663,0
93.87304313151901,1.3745554011345251,0
63.2800021294353,24.83762603698002,0
56.47574606414021,21.440648299316457,0
94.43740399344887,27.080632803697256,0
97.78257491148767,24.755977027988642,1
93.10638086327253,6.252629574284574,0
90.4758037362439,45.894051659682034,0
82.7620990319511,73.27334747861651,1
77.54286853045696,60.67317247174364,1
54.34933799557051,67.28716685980798,0
70.42266065353493,8.114917853623915,0
68.6344258506157,95.14907101767872,1
62.98768918801631,83.84918338430248,1
86.17100568442925,80.50903184956627,1
74.79378675393855,82.29838050417675,1
54.0523107953824,93.27105081327613,1
61.009160097490565,54.42539661136977,0
84.16293818297979,20.02820178676259,0
53.80654297451501,61.678360785254114,0
92.56034570243844,74.2881493667939,1
74.75732635069872,73.79173933540254,0
74.0293288663324,52.14490241668801,0
79.62038923297588,6.845871933357806,0
91.23404829625746,37.11129384301278,0
67.39046039510966,92.07666084633573,1
83.90080762795318,58.4448909757426,1
78.28659819978955,53.83319432557134,0
63.35141350847107,26.885351438219352,0
93.9314993177579,36.84489199165789,1
89.8713010803464,89.53460891531692,1
82.92259173292128,66.64630475268358,0
92.52908645471209,78.73870267523328,1
93.36471004799012,45.434542306765515,1
85.41814883575174,63.024721945615795,1
91.85066641818361,24.838360874320752,0
84.87357308346418,70.54608302834863,1
84.00703858801502,42.76013337033373,0
80.93056891075922,44.25455148147456,0
87.63583197788206,64.93223245768817,1
57.93025526465368,93.62806214689266,1
94.04353795994642,6.400634660862092,0
93.5921763872616,82.47432373470076,1
51.462364151727954,29.238311041219312,0
91.29083752823814,44.391945450637785,1
56.44349337367226,2.1913328775008956,0
66.7559427129571,30.1046077834313,0
87.1754128145804,50.26312426301305,1
58.03799480241541,5.617607734743901,0
90.8983512059531,49.10957293831652,0
91.6067088978871,92.71106288584274,1
75.37338668804182,10.539321810780521,0
50.31929358584168,76.44407280755044,0
64.35190665874563,40.967105337599264,0
80.84634591878711,65.5173714524338,1
99.05930890137117,26.023659798522935,0
81.59067635083342,15.949226254135828,0
62.99017905320799,16.046261427122644,0
81.70028515498056,7.049194564314465,0
76.99926898579278,18.564670490124303,0
88.99226975755718,66.42193849889682,1
55.34903194134792,88.16906118435081,0
88.05139512510141,81.41256855911618,1
77.06332893380551,68.51343098744842,1
98.14960019294973,11.043186341110268,0
67.0936083019343,28.918744629594983,0
81.6310946566974,30.980687532246897,0
96.60140527550087,24.99569463976212,0
55.12548639953396,51.50056597097231,0
96.86142436182256,53.55538148796726,1
84.39428611504067,35.68859751711102,0
53.39185295525859,35.3789158736436,0
65.04817834734081,82.85555979060814,1
85.40860443226407,78.92928483196856,1
53.36753007343859,30.779583168074566,0
79.10852300881366,91.37884438732593,1
67.29415284764784,95.2815017002506,0
81.04577588837385,32.67425420300408,0
52.28710169062564,35.442494879305485,0
93.57684030761882,50.56341534219588,0
98.67444845886985,94.11208125336735,1
98.44389276428458,87.63194331423115,1
87.48259158714623,10.25679625835898,0
56.5043120065316,39.27307432714162,0
87.91315979645113,55.33711897497719,1
51.229345822940076,50.313247255154,0
51.106177576449866,19.38630679368927,0
66.18051095747705,85.88167711681547,0
74.43215952023328,67.69407829968374,1
88.52037089038966,83.79083748518036,1
84.16476883032526,85.87642793494722,1
72.29513531883742,74.83558536657398,1
63.68133331408329,43.92106012497173,0
99.85622500788556,61.054675501542455,1
71.30906511179865,16.036540611974313,0
72.56935121648377,67.36454174749078,1
58.181191059583455,17.925325573928074,0
89.74047743749647,69.39495905101568,1
84.68411128907442,22.959816075396866,0
61.03848063943802,11.755130015021997,0
54.11905228079213,16.52844901429574,0
84.02496510373565,0.1992135219070268,0
82.72556071405677,71.87396178535302,0
63.662976349910466,73.24010490583791,1
97.54317811252051,51.493334991325945,1
57.55289458904501,16.13628010553837,0
71.6167400521301,8.355433751068976,0
97.18079600837994,1.912896643728701,0
70.98636584630611,16.57481769652207,0
81.92629738320429,89.08555349831467,1
69.87971989813971,24.153684170168177,0
63.7107601174335,35.42713272172156,0
99.19888239799141,10.534548448133318,0
70.46670031575215,22.236130474817028,0
94.70496018395673,51.922457078020514,1
61.49773029455431,60.775268309565256,0
60.655235201254165,24.535231416621105,0
51.55670414422557,5.773215922511721,0
82.58334126879424,39.10328691273987,0
68.42631718618806,23.420337092633414,0
93.21791249198185,21.955392322980195,0
73.66049533457786,95.98628027134552,1
98.40967139573608,61.63004859257241,1
59.27627578515606,55.68784431720959,0
93.43115839778054,41.57751035233219,1
88.82984263958708,42.89443334301443,1
88.5460922322026,54.090500383808084,1
92.23916140584438,69.64298070361072,1
88.05119954714993,70.21460961818295,1
81.31101608157077,17.169390770544958,0
56.56224388411938,50.0112752076627,0
51.6263089745626,41.195809503410196,0
96.04239239078434,87.05269662693841,1
80.8325157260369,63.14189212183764,1
89.82686454880881,53.25040664159818,1
74.0761175756275,11.539464217891737,0
55.86540944811972,60.56378893234115,0
56.259289610127524,11.720390568023342,0
84.27826436144858,33.720657556575205,0
71.51529474497313,14.284196481433186,0
60.02623633501683,69.20736470243689,0
74.57972733707184,20.62521138361526,0
53.21044685375671,39.1859373188026,0
79.09857009571994,89.56747776187787,1
63.449670221754886,20.431638339897027,0
89.87795503185941,50.780506395877914,0
65.51809794617868,41.9271661166022,0
72.76100745409006,1.8124041045729733,0
50.58102699540503,79.27581135728128,0
53.62234438972794,6.904590631459973,0
69.62467782033424,47.42550209769536,0
73.99694173585618,56.06782949389499,0
80.00102740596519,62.842645661458704,1
64.58312893546517,68.86316293078755,0
84.74909430632712,25.327238352271507,0
93.00611985946023,0.9978776658449373,0
88.99254944466749,72.3443662354912,1
51.980941267417855,53.56565993475786,0
74.02534736289145,83.61177032072487,1
55.246508920908745,82.13883629006943,0
62.10225079312637,84.33261677878832,0
99.33312966335733,48.50946599795402,1
57.12477714507566,33.362839583686565,0
74.9444076725678,79.155820259137,1
80.90778671590596,45.12941130292549,0
85.12324852720519,18.34421964034345,0
77.98243417434571,85.49740195614743,1
50.48854237095918,88.25598767723473,0
66.3230654121996,46.63097561401701,0
75.88558216923558,7.569972730978747,0
54.39332495724167,38.782608991693124,0
67.53134656045904,80.35376594626034,0
51.66015543956833,90.17740285462287,0
53.928924857751035,20.347274249759582,0
69.8461638100798,6.697361202527152,0
56.63578770215302,87.73504531328386,1
78.3770424130779,38.94049389788753,0
84.47324845686329,54.176096426756324,0
90.02933495545415,96.80658120507589,1
60.007512212240506,6.656472791422285,0
58.37412911295349,64.83180074520956,0
55.228392016720015,7.410542257486707,0
81.82151247718184,37.54689284665004,0
85.32378632434506,80.38145451934467,1
51.5793072412821,43.34722327556344,0
96.81061231218449,99.71823539029504,1
52.59856418257362,55.905928494660216,0
77.06481676505352,32.11621526359535,0
85.45302597254582,22.011132590475313,0
93.54845618730428,35.05205342861618,1
85.70434660662139,37.25332737595508,0
90.08640415348958,6.8713677723960975,0
66.97250962714031,36.95741994267732,0
90.7412556873256,46.423851973922496,1
54.00574231923376,72.27377522388046,0
94.74083280302638,65.6729484721608,1
77.37961880768681,70.87656552291543,1
90.86488849812469,0.8363681876857099,0
72.615914225915,21.766739958053606,0
82.17888475982625,66.16842883998565,1
76.32013304680567,48.398936817974715,0
86.5794760877666,0.5313475668345946,0
54.08149910152948,80.44946424318223,0
53.01760419952819,77.28095732903374,0
62.355161700507324,54.841916299356264,0
57.97723400565942,6.646332577627212,0
93.58917832961009,76.65150495325847,1
60.960699367902215,58.37135877313639,0
98.79326279095656,78.19599771579591,1
66.84478958855534,75.17469923958404,1
59.10589578443496,80.30020719578371,0
89.48492535712396,51.80080664046248,0
82.9353887750438,14.032451819351499,0
74.90978582265694,67.11574733796887,0
77.76817754688156,62.04737850519706,1
85.96008891361319,74.22531871990871,1
61.422737066564935,16.98810060507353,0
99.8166958028371,19.497519990028923,0
98.73965810733915,89.04095172193284,1
82.51628431734684,74.99777984520708,1
59.97712254645725,90.82284887003229,1
84.01141212156458,75.87153211639207,1
53.60992044895879,59.71553059903019,0
51.532625110290304,65.41327370278736,0
62.884144425560685,88.91279239400099,0
73.13114783696582,57.88067545119405,0
93.41362527041903,63.239132432838744,1
86.3584534883154,15.647671600360058,0
87.13532605999904,47.39212201161027,0
71.27466672240377,71.6397111958099,1
67.29674962734815,27.09426983163654,0
68.55193814923014,20.22541805245349,0
99.3824781868029,31.382680822441557,1
52.005459570624126,24.150062799283344,0
93.35157480612243,21.491263703639586,0
78.93377042861967,42.48508428680869,0
71.93077095947953,90.78385138835341,1
86.26288302075682,50.705964673871826,1
74.33344707123514,18.792038081532304,0
93.67116190408302,7.697166938087408,0
95.03509320056293,69.61561451379252,1
71.08604634367276,38.279876443638784,0
63.841389861752575,82.18309465853592,0
79.61751642966811,65.95107686407702,1
95.61816728083454,79.62414505413685,1
60.53310945028333,27.194603941844875,0
81.14832917817414,69.2358922461058,1
81.57801100462603,26.406198469371876,0
86.65565112076405,93.90684794502916,1
56.57838425636299,63.63742815333744,0
85.79124823410443,32.451180017534206,1
95.45162603328205,26.951186229227265,1
58.984155443512094,19.09265850716435,0
61.87716624619388,69.46409588937279,0
98.56975470208198,21.87156129979273,0
59.04884763547449,59.53032659274891,0
92.71925466847895,26.463502692535734,0
74.61389282240174,66.19689447938686,1
62.36155372015885,81.49397285405392,1
93.53749506362557,77.80252431446532,1
72.26526275013327,76.08513309307817,1
75.74086769648451,18.772240569225207,0
67.96166846998828,8.838494698451871,0
79.64754257174637,69.89488284873856,1
58.17619362925114,36.83472137943513,0
69.55407683258804,43.23462264033473,0
98.47061611676438,3.1149092793391064,0
62.90667163505638,25.95764492750492,0
82.8368332270646,3.3676403874464023,0
66.25950321123474,87.91857726012476,1
88.67365628433004,24.339668321853047,0
56.54368303591749,55.73371695730081,0
98.49105225392724,3.897932066113041,0
72.68947706918196,66.6847391305658,1
61.8025231673232,32.30273457540939,0
53.67483736650063,89.79191869576658,0
58.48789525437704,88.81181889340358,1
75.98869742780089,32.529061836174776,0
66.85015882156432,90.09608956904678,1
91.44416829413046,99.61576734987788,1
71.5443761830903,82.5415664123948,1
62.435713629381496,84.4871347755229,0
80.8572493302015,24.90087361090899,0
85.33886084427229,57.67023988577563,1
58.35209539504749,6.725591396736785,0
58.380960814415886,9.491793682166971,0
51.83357134667715,99.88926120332906,0
86.82010075328202,32.663924942591095,1
83.19022638109026,74.81839120488463,1
73.7315437874907,80.66650530268164,1
92.20852244845986,85.80232710072292,1
90.28350764750266,99.76282974021565,1
79.2677182198376,24.149648525686786,0
93.41356402566294,4.035082685969971,0
60.292060501838414,41.1191517994586,0
55.5959809698864,13.008066982894695,0
63.48748057584948,2.2425889162055124,0
52.854342804465745,36.04268271414861,0
76.5584764000516,78.37382510752364,1
96.83028461474808,56.61806912250709,1
51.967177033425486,31.277798921035405,0
56.105495700501336,65.43420054927196,0
72.60995141417176,23.20181803088107,0
96.69375087639524,1.4381446072085025,0
65.80780524883752,76.43533864364274,0
75.36174043441963,62.374308486400906,1
52.0786429525196,76.23026245009599,0
57.41716004810444,3.893801668766561,0
99.33150614794235,83.71196278306522,1
98.25593482180227,61.95262000363033,1
50.24699904672048,56.33953507126401,0
97.59058927116195,62.46140481145316,1
81.95599689077503,86.4433246868364,1
93.39591472600111,58.69365065589071,1
72.73699278169295,58.095037988817936,0
75.77980142896251,99.06791570657658,1
74.44232901284602,75.6730167068568,1
83.34321287730522,44.22938054511353,0
56.98256273781564,70.73970000329277,0
51.4986794936339,38.92304716917885,0
65.39649707955954,22.8875462483499,0
85.23403813683234,59.68518768877594,1
60.09267260614742,92.81820981139515,1
83.67162166624587,92.91395200154628,1
98.49560230536352,34.19052781054903,1
54.69503578947092,52.7677466221695,0
83.63010591125632,21.16358985698612,0
72.18751096522855,99.56311094988834,1
93.40711271887527,98.11179078679358,1
58.857489472369295,64.95089297074473,0
84.63129761130823,80.44140596774734,1
91.90576448240552,71.51001612837,1
97.23071097370116,59.31582190394682,1
84.16240141448229,5.3347996988897695,0
74.85873820042136,45.476434255266106,0
80.8923620100607,67.47863021674105,1
93.44524922393592,67.75316138836847,1
78.53048733194149,37.31226184223836,0
51.519352984841845,94.16919866580305,1
96.54743477534889,16.7357032236781,0
84.47633755157806,50.03594462155606,1
83.82566928886233,69.08839765508228,1
60.78375761988586,69.71358058918092,1
82.94427351163286,64.86389567688155,0
69.69322028270793,27.528821345186017,0
82.5616488520746,15.620656868662197,0
55.32965151539953,63.594032682671084,0
82.89226523015179,59.930211613943776,1
99.97068628853333,17.935601028924097,0
52.4106019430278,70.51391455705634,0
98.85870921106587,45.51719917336564,1
70.34539803614354,66.7760591603153,1
93.53767251686295,83.73670797701507,1
89.11927420291367,16.972842857692317,0
78.3508130493334,1.9144867996836679,0
86.92246046256633,77.91025863957867,1
93.92577806506739,60.96974251526159,1
70.20701608255165,69.96395696221217,0
66.35165807816193,83.81549749886426,1
83.37966927817924,80.28109348245005,1
90.39229709706294,96.09201469288247,1
88.11425673883079,53.59350788521182,0
89.89068244293173,48.84956326599054,1
71.77916574064665,40.18871998907301,0
90.89171080875107,15.369104284420454,0
56.01045276853042,57.26072328820224,0
77.22445489804248,27.70125243259788,0
50.28793302490608,92.13075122129754,0
66.22929149501351,58.31908042770976,0
68.32307674356989,59.284018050811014,1
69.80863458046277,35.492466087701004,0
84.7733603344931,5.198935197770749,0
69.42790506351729,3.174376537298862,0
72.43468113112652,42.33351441531975,0
61.87720654371637,8.456537809723786,0
68.662589581467,60.68469555401391,0
61.363481363157575,88.09730056396575,1
53.659796188422185,88.29148165187222,1
80.17242966906889,65.90454101322324,1
83.41063992775082,21.1231831472931,0
80.97451730048073,86.29968313588721,1
73.17470219002863,88.60934353132082,1
68.98928900896149,19.66535849529587,0
93.16668247859127,73.74260857706773,1
75.9540892568109,28.651954892712293,0
73.95909388148655,80.26403123529296,1
51.282103290321785,99.72378999036027,1
67.06239138130782,3.0026005329392813,0
69.00978093929285,89.73658657909318,1
69.94113904484502,62.26305335986581,0
79.00861846136661,97.33826191648211,1
76.68012733634393,46.50095175264276,0
80.39525463967223,84.73879305713737,1
88.2441630771064,6.239406859827723,0
90.64928693580467,33.527905007829574,0
85.90615381132471,6.701653775120997,0
97.77618479774674,97.53431334790706,1
50.91162913381808,81.69739072718367,0
59.788899284177305,85.25474212459704,1
50.37814374890711,93.79652314338942,0
82.37373570773015,8.510348611978536,0
94.90152744749935,38.55975925133334,0
62.174114828814965,7.103488904400212,0
96.35172723981533,21.07931015500286,1
53.01336951447804,22.936577703767234,0
96.72180134027572,46.91072110475787,1
67.58113436198173,26.856216745364257,0
55.07104142246082,10.09781068177611,0
74.29358795931628,16.749108909410772,0
62.8388283860254,14.727556355209092,0
64.24364509809614,97.30767979122983,1
65.36449824631433,75.92925069184736,1
90.15129489163317,96.7761465269562,1
76.95806383376272,43.974048650790856,0
65.56538495780018,27.83684816626566,0
80.51668916554593,79.82931972091866,1
85.80753371115968,32.62539180411468,0
63.63120003667669,29.93833737053483,0
70.67745507626758,23.25059922078312,0
56.09430466684738,12.967897822423534,0
59.05746747673402,25.646306101676597,0
84.05589269824914,35.53197484738877,0
59.071917384781344,67.39942081457303,0
76.258169183353,6.256484221945158,0
85.45231308612163,21.050693966534297,0
55.34384615473719,80.90236402916764,0
78.36561098144517,14.692192358377076,0
62.82813918506819,34.26451465225215,0
98.146343761879,86.46589218581401,1
74.17728233599624,15.492531114344265,0
90.2996274887579,8.27368356181899,0
77.51132710781309,48.45379950800108,0
52.170626642740956,30.24195112785364,0
81.65756877970111,56.34083644838541,0
97.57016711033285,80.38048904834751,1
80.08059100731656,13.714848815274316,0
90.95944297133951,58.0699084554285,1
94.2103231674204,50.550876038986395,1
61.40398859744663,14.407878601319958,0
60.60224199541133,62.39984855289824,0
80.54904944254959,27.364041786077166,0
70.55142349033524,48.78343185440125,0
91.99306514333603,8.227232427706188,1
95.00115616990055,45.958405721362304,1
67.6710689651359,30.646346804282032,0
61.8435279487241,82.23812111853543,1
89.0262757621931,5.697872699736828,0
63.740301777406806,41.860727491832996,0
91.13071592568392,45.8431424131438,1
71.18691268243813,72.50060762991187,1
83.37749496457351,57.428757509021096,1
54.77676569173341,66.72123371941811,0
81.19296623382866,77.7049285651756,1
72.58838393686145,86.22029736581888,1
79.3304231587737,31.38754967224705,0
58.40071038724317,53.802270536390296,0
86.8436872472091,84.01080784391999,1
93.13985387716143,98.94511309650565,1
60.836990004538784,88.95193110437631,0
54.78572777600809,37.14672626243768,0
51.18192930231682,19.516651721865042,0
82.0985750221633,48.93925374065887,1
80.35470180443903,74.16414518360422,1
77.33487063570351,49.25690707532976,0
61.59735480579877,48.31808633136685,0
69.54529979527574,83.82304210818006,1
79.72381675930865,36.14037790671863,0
74.83834294295846,85.97946748116456,1
99.38927601074437,40.680480095172356,1
56.821987627836656,32.82331056783394,0
84.75722770237968,45.3989911199699,1
70.21593840521462,76.24469586748684,1
71.40998074628074,12.600202786399429,0
85.87988828290881,19.64192158720174,0
84.62180756621848,95.1444825663092,1
99.56279968510941,17.54916273813574,0
56.41971447270626,56.77273179310546,0
55.20548246920832,57.931446666193786,0
86.21694085643705,48.96244620502448,1
78.91934585032045,64.47452485768186,1
63.70803332799029,22.982672579761843,0
53.97096844944933,55.266226777674824,0
54.282912479821526,37.21732552468971,0
94.70954373320592,66.1667259629189,1
59.59336623593715,14.122354337314945,0
66.16857810577604,57.08774168394763,0
61.3328201113494,18.52703553833237,0
67.74981529159686,27.86430631150364,0
53.47119213730467,21.87098003235832,0
75.95298954541352,18.28377798688171,0
53.380628179610746,82.5710951560667,0
90.01782539111808,28.570756766089033,0
61.685604095521654,92.71237818644494,0
77.00059573022553,96.99265253451908,1
94.0039543780729,57.126046993709735,1
82.5438684523597,14.30011226657264,0
76.64788932756676,37.45482433795813,0
66.21668765576878,79.7732263348214,0
66.6500956529099,36.739072869707044,0
83.4743477599095,8.701721830278874,0
99.70696806105838,55.678491092818795,1
83.09195949246893,84.51208514960348,1
77.88917086850125,79.59263871435024,1
86.5325255119623,17.512314013035322,0
73.26028061418592,67.27646144124667,0
53.00711713003926,22.05042634356471,0
78.1148407938955,21.820753455217222,0
97.881264225269,87.40717733051852,1
58.76514711788298,24.966895274023017,0
84.50024454103328,26.32473465180112,0
60.04668443295282,0.06533907612995549,0
76.79138422365406,87.06690341255177,1
54.83382248233598,79.25948132091347,0
72.51854681290925,62.7328935090678,0
87.8081664447623,75.02657639388423,1
67.37857621194911,15.20485674244918,0
83.24558622436089,45.832359458757544,0
89.77249803948646,35.121938734878086,0
96.35889097397263,9.37765262570165,0
61.73210409277267,48.61304852149241,0
69.9657957904654,92.07396503426354,1
57.62080066652087,4.005911905069448,0
99.62417510791876,29.14609134937939,1
96.35004839621476,20.754093620570345,0
76.99785651402797,23.81466536656963,0
92.10166471882107,90.84345518793752,1
76.04789886360211,46.806905423429015,0
81.17928440013799,46.62994129398188,0
54.456221605800835,76.05756424552823,0
87.7635210248404,15.44922040049258,0
56.38567418176174,48.72653541000508,0
91.30338151262642,42.99852141210597,0
89.1014043835193,59.69106905466561,1
85.43723488714882,99.95577032504386,1
51.80801902623811,76.9448894082047,0
65.15641779726643,39.78657030174272,0
63.155628495542146,82.75530522740469,1
68.00682037357595,17.070836331248017,0
54.382137338191924,3.0463686308960125,0
96.84789115155314,20.444837246427305,0
77.69011203561881,34.041155611425964,0
65.27621553290118,51.05807574595599,0
69.84907585371417,61.51291405411998,1
72.36012702524178,91.06057172144217,1
80.02971666803086,50.98540095504577,1
75.7839713848249,50.127564462572934,0
95.96959866072086,5.024300982298213,0
74.84817414529151,3.491155265622381,0
99.60790074116564,55.11599619163721,1
92.57124788725478,43.81786132483445,1
60.42552571786679,83.91803949802986,0
96.52976073219581,16.067958471184518,0
55.818319894273806,2.49716621170496,0
90.87248542455958,44.903876793012586,1
69.03116467382901,23.74785567522575,0
93.89871602225347,4.961437333883745,0
93.40283450537251,72.4598286847629,1
90.29627000588106,11.159299995724748,0
89.50152181535307,60.83195000077717,1
65.23395695490204,28.104975016688915,0
54.04596415256261,17.3496050355022,0
70.14900893825808,37.97515229193175,0
58.67622574932543,80.14457762229537,0
84.74755444512309,39.20935769045727,0
67.30498632688928,75.07696492110557,1
98.78051004299574,12.548629679915068,0
82.04860386726659,77.27714196650791,1
91.12402818171805,23.693332490664865,0
56.62623363709242,67.73931298888728,0
93.10072411363113,56.57815548409963,1
96.13785952566971,92.91447172116874,1
74.35309594094679,38.732251797531404,0
80.31264688754888,6.616518883444044,0
88.24049004514977,1.9155485551252904,0
58.741931363020626,82.6858560972753,0
75.12830382317212,52.473563766143215,0
69.93315138861566,77.52440518349492,0
57.31869960811245,23.44256000115147,0
68.37672111457657,34.50837455132337,0
53.40861546927468,3.010387221131894,0
51.29059534747435,96.14923245741122,1
56.758314457741136,66.78679067008134,1
98.15575557945868,93.32050877593062,1
77.47647679475085,26.549640742907233,0
98.291108057661,61.146361122566084,1
71.62489391650661,67.84999682926379,0
65.59080665426298,31.754970025758844,0
75.3070931420122,84.81092350156301,1
71.9755844316455,94.71614629002478,1
55.2832342130872,88.48551176960044,0
82.0413157345103,73.90669759393725,1
60.80190912547998,27.746467972495402,0
80.97939774489149,28.161604210563173,0
82.51005461990766,96.3360320446038,1
57.601242656432404,1.0284495935692028,0
53.06748135553341,71.60499732421445,0
89.038079303422,70.62461625552622,1
72.99002118846602,62.26895409497975,1
52.90818977527379,99.01088460868658,0
99.74331585848836,31.187943576372522,1
52.88902804981833,33.997186379324816,0
84.75176144292766,7.893940294655555,0
99.18394626317068,44.27981365437375,1
61.95900521079628,26.10485262348481,0
57.11246843435981,34.338670217764424,0
56.069246971121444,83.45717902556277,1
65.16375737837978,93.54845135274957,1
55.052290550532334,18.573307200518563,0
84.60806708470659,37.25089315534659,0
53.114589906503134,92.8630562115394,1
75.47110640748949,6.180846068922263,0
99.83484269264883,9.236052811137851,0
90.69851347530094,16.279098920622936,0
80.76097191155054,59.521283412687474,1
65.31268103933058,15.047227100599747,0
81.19479181458192,96.80763814507335,1
76.35207319558258,44.671452725852035,0
71.30416919451858,50.15179603501664,0
56.535518837009974,24.66586158054065,0
94.33021076202334,47.09602524347335,1
72.48923244106612,66.19136326370115,0
59.73112559103825,75.11771369540428,0
68.38796754386448,75.3868082709913,0
70.70648762644635,57.789111269408835,0
91.37689477834371,90.43597749938573,1
86.6807190280701,81.74078473061094,1
88.46524468206698,75.70481146986255,1
50.55156322143236,5.560552168046062,0
70.80769990898807,0.6877962219649314,0
74.06720758176618,21.244727719547296,0
50.95961384115284,66.35235939134523,0
62.99066043725171,41.119748888254584,0
88.01449115610674,40.24062592993117,0
56.855485286449955,88.45868882296138,0
76.76550657262959,89.55628481318388,1
60.76009360086188,90.91752640535857,0
50.60603873219466,31.38780765150273,0
62.06007287997707,69.10558127392618,1
98.7936877455027,27.163318127436963,1
90.07685559414948,19.060983307444978,0
97.97883221605167,18.463245734736923,0
74.39270219631813,34.2107620863594,0
55.48680993387518,42.99576197798217,0
77.39797444868465,83.09491710550684,1
72.71886672799805,11.98910934727121,0
92.2178541369808,73.49258473948942,1
54.90412903921223,53.14549141893053,0
74.4120568510889,28.794534267599246,0
57.50243323469921,49.281958453282456,0
66.23379634450299,29.994206977702266,0
86.86785386938999,59.608195523830595,1
73.80090646843833,43.38439228552442,0
68.79441425728847,16.440552907887874,0
69.72381392850177,11.658307455569672,0
72.97233842029934,54.66956820721302,0
89.25082719185284,90.24130332861034,1
94.60423444701172,34.395768655768556,1
97.76673432519641,73.30001072226231,1
89.34516931276475,65.8661354939767,1
65.77034478740063,93.1554914309481,1
84.4067353043271,82.09810172991409,1
71.8801562027696,56.660525890546296,0
62.73353110230256,65.70304982341074,0
92.04357897129613,89.83864665840349,1
51.92131744811625,39.95187845869348,0
95.08809960677118,32.679470585777736,0
73.0738732312367,1.081108363519634,0
81.86007384041402,82.65510741914642,1
82.96769611028913,80.0980700403365,1
94.75588703532682,10.445451810015138,0
81.83348410836037,57.68573811327003,1
80.69667923800309,46.398169816688736,1
53.3326020280345,11.870909550911147,0
75.9204010972602,98.05682270607235,1
57.50845004085208,21.469588746335543,0
86.87168843607428,6.723418009056115,0
75.61109604063373,59.48473795019096,1
84.01138896041766,73.88666771330327,1
52.083645030119214,3.2443446047186963,0
54.23960080229016,65.87176387270222,0
85.81616940313411,53.22918759514545,1
53.60421679993367,10.326500887504842,0
53.56283638826293,17.252387694636205,0
50.605423761744376,56.79742973160805,0
97.82506991497401,29.63576135132884,1
86.87541797295034,93.8315728651316,1
67.66257042510321,81.87402294840508,1
64.82677906438276,98.3567206513663,1
67.48516148729247,25.967083895041398,0
88.73267655905909,96.9723632797977,1
83.06853055352072,43.12338697915579,0
59.259778393373395,34.751879531375465,0
58.70546676670422,5.034952696935324,0
54.91978248566986,5.276525785960262,0
83.0151359850669,69.20112559466547,1
88.2186331110868,45.79289944340279,1
63.2523214162502,22.65216260361057,0
51.047248051545644,61.39703063252326,0
54.10858337382137,25.285811825011116,0
98.39300174225153,57.76317543444226,1
64.77223887387102,35.92087469826903,0
88.46115739190668,82.3552226611819,1
81.23317844271318,82.06961607667793,1
69.09698198264479,47.73503981224013,0
60.28436310977776,35.08191093350156,0
56.06932090797032,36.25597965590946,0
80.75064840194332,80.57145256682179,1
88.7316890318894,32.8179482797612,1
82.19521267705653,20.9059373706846,0
76.51510666245792,8.468834187530682,0
52.097561171581816,46.66931208844084,0
98.42443887971919,48.213209891984185,1
89.93570958272872,84.09087104029072,1
64.64110183504823,22.123869644606398,0
98.99851646794252,38.099127366839994,1
80.09407948181611,80.8405738893691,1
79.12113291036232,82.36236107489735,0
87.4036589714766,38.46110759787682,1
90.58848940450687,45.91240232866809,1
82.82393036657513,30.328589084928293,0
56.40478731831,93.2554878419312,0
66.91337529972492,11.864376574158031,0
96.40418201630249,93.374942300147,1
61.230780592192595,68.38664518353433,1
68.60835119187567,53.15721526867312,0
71.6038441472098,3.2659060784495875,0
71.97024948472261,47.55961918220083,0
80.64697912472627,40.774810500273226,0
97.15379188723537,16.121881197512256,0
62.034635591625246,65.6409603500657,0
56.0750688150459,97.11509073682858,1
59.873524492996864,56.218881106452514,0
94.34624501046348,71.47532764439458,1
82.2905406327603,6.845045256601678,0
64.29533946195801,41.76669958169947,0
90.79734694843086,11.635848516449588,0
93.0684998181718,61.27958355365104,1
92.3257169345139,93.84821582141547,1
95.94632668197772,66.17777324716386,1
62.612051008668075,7.680304831442153,0
87.75209643731392,35.466620498508284,0
73.026974863707,55.066337944085156,0
92.09992764450308,40.320775613325225,0
86.42453385808065,83.36440104751723,1
88.82237232498623,81.46710047099891,1
82.80809188405357,61.183102010322145,1
58.87143847348534,37.345794513270526,0
77.25134594484692,25.533637376324414,0
99.23348697622541,10.587431821312931,0
96.86940332485594,35.4897683486554,0
52.158686789850584,41.31725172077195,0
58.24074078647186,67.58229251040736,0
56.58643867272809,65.81598242975734,0
86.29899549926478,7.0108139641256955,0
90.88926649284726,39.525931543115775,1
60.675568315533596,18.177886721736193,0
75.29263464759146,15.68127053168057,0
92.03515140056,82.73021497372459,1
86.64007723831253,4.191521671625753,0
77.11186027459242,41.91828759021213,0
79.51738452293864,16.82036557665182,0
75.418027345814,87.9330215678474,1
64.87742256594103,55.704051327503514,1
78.2510996429508,23.1380636376848,0
84.44426510250453,50.24272871663764,1
93.66614579304039,73.14863597031159,1
81.8145676989624,95.81180089194338,1
88.0560768521579,22.044600424541894,0
58.003581747728646,88.61817721293451,0
73.07787372098949,93.43041141674902,1
50.46658099135467,91.64205445320663,1
62.33394322608115,63.54143568619099,0
86.32308575565024,62.982065443470766,0
99.59049756746816,40.32106331838228,1
54.958904979360796,75.23978823037879,0
70.07471579306441,53.12940183509319,0
90.00354843495798,67.74380712282945,1
60.20178173144494,42.84579038487954,0
77.7542474651143,73.14964640431391,1
86.65356480148374,82.4471517604549,1
80.79927251300896,14.64362566028161,0
59.401236730770805,83.2929715574228,0
67.76922843428697,54.029653179030724,0
89.18958922426987,84.46659090902243,1
77.71132570660083,43.13017063410146,0
50.261480677145634,37.904048538303506,0
88.0495380014047,91.50607325172224,1
51.76556774701196,25.11692675484013,0
87.2866891365616,84.42123252861431,1
60.124028008261874,48.40205725094041,0
97.90367400596901,51.40954425512597,1
68.39703756510423,30.8468281489484,0
66.34658081690395,57.30422006190157,0
57.44440251662223,32.52111962762113,0
65.28021077451075,3.926941424165231,0
93.83253809141003,27.199860534435604,0
99.81671688136237,0.6379043406590679,0
68.41547652534241,97.83547870568566,1
72.43053154772713,96.57472098197475,1
86.10354691013686,39.5155297472305,0
94.30978902325373,72.8370854339646,1
79.6522167093392,34.580609841042495,0
69.57628490889147,67.1093157085976,0
70.63109204243119,80.54300430459791,1
84.78090732484034,94.67562446922408,1
50.16091318021393,40.0212275849672,0
80.97946687299203,78.32979829560477,1
67.77465052206787,26.59284506321188,0
89.7098665638542,99.03323037936484,1
54.64953199115661,2.5769598764351143,0
79.41011334741953,60.3528806501121,1
74.04864449430619,65.95059816513272,1
82.11627629526137,68.80455570741289,1
53.24267972414842,12.038757878908902,0
78.99918937140657,93.85297834731304,1
78.07422939797618,18.11832790500828,0
78.03300472080855,62.27534032398411,0
80.17438332982275,22.267607912308495,0
83.82339686131812,30.72164170212709,0
90.24944998403848,54.645854172812435,1
63.49103600641072,41.719341856457646,0
91.2524705090031,16.02256009765063,0
74.91278411317268,17.093640242084827,0
53.852913956716556,41.814478816279966,0
52.92754646219896,75.72829782755008,0
66.71191593480305,89.79646468477885,1
89.24484885557338,8.412766225938284,0
85.3840467370458,39.310390755940105,0
89.43074823362032,10.024556372287662,0
75.86345282208046,1.6592480632597884,0
72.00994989777453,66.17186826439566,1
57.372626335314195,60.24494419665878,0
66.40963768046558,16.301911381488623,0
71.70096830869376,23.38128330930641,0
54.43002148398086,2.370775364451838,0
61.03059763556056,83.49472056944037,1
79.91126470318694,97.46905960485515,1
86.7831557119595,13.545953679469081,1
99.91737556964748,23.147521376529813,0
96.65566656717789,86.8409523946934,1
82.12825997675958,92.64637979561849,1
71.0624026647036,41.96273828068103,0
81.80886823541164,5.062247226907413,0
89.2825809040116,3.93918336928194,0
55.91680954616937,57.39498660690104,0
70.4952444848144,39.2895108893179,0
91.99011428178086,2.8652427577654516,0
69.1916475966522,58.32523923125568,0
78.59361356135932,1.1302536589022472,0
79.38846804310991,78.73719581492729,1
59.22381265668197,30.643282270337156,0
68.11177208261442,4.02580030092321,0
66.72556443709661,58.835222098315334,0
51.30983542660324,39.76844144330547,0
51.209588194567765,97.38004133571495,1
91.58485218378868,54.41986625037022,1
63.65354049864062,27.52391810370083,0
75.90393831194078,70.94388646339748,1
64.93627867943866,27.149200254271133,0
97.03396225576702,90.42432914075651,1
62.964837943288686,37.47219705073764,0
71.48284063694675,54.98685627762052,0
93.63651252423008,5.0573103824228856,0
92.09667833959043,42.61212379522308,1
59.305070892313864,83.2363539660995,0
90.13216548978552,80.56488053633419,1
72.90934433689463,22.431855885352626,0
74.14844360426775,22.60790710105627,0
56.67399862079719,81.73053122132367,1
54.03007568785623,93.03984201693255,0
86.39696534868827,9.536092127300355,0
74.82305761776499,45.005863942622526,0
71.84253513075898,33.745427896422896,0
86.47541143261984,87.06884554574394,1
88.27564494955548,8.352491468001876,0
57.94540838346768,21.112594255803742,0
80.51125747388207,75.24683375864943,1
56.76770411388428,5.129384898121558,0
87.56875430145229,49.25353807142893,1
82.84775781335698,44.210703467972,0
97.8307310541729,33.44011789887487,0
53.44790081782106,39.457231531892376,0
52.852736057562716,52.99405869302329,0
64.10935373466,16.136735838838312,0
